<?xml version="1.0" encoding="utf-8" standalone="yes" ?>
<rss version="2.0" xmlns:atom="http://www.w3.org/2005/Atom">
  <channel>
    <title>Homes on </title>
    <link>/home/</link>
    <description>Recent content in Homes on </description>
    <generator>Hugo -- gohugo.io</generator>
    <language>en-us</language>
    <copyright>&amp;copy; 2017 Darren L Dahly - All rights reserved</copyright>
    <lastBuildDate>Wed, 20 Apr 2016 00:00:00 +0000</lastBuildDate>
    <atom:link href="/home/" rel="self" type="application/rss+xml" />
    
  </channel>
</rss>
