<?xml version="1.0" encoding="utf-8" standalone="yes" ?>
<rss version="2.0" xmlns:atom="http://www.w3.org/2005/Atom">
  <channel>
    <title>Demo on </title>
    <link>/tags/demo/</link>
    <description>Recent content in Demo on </description>
    <generator>Hugo -- gohugo.io</generator>
    <language>en-us</language>
    <copyright>&amp;copy; 2017 Darren L Dahly - All rights reserved</copyright>
    <lastBuildDate>Wed, 27 Apr 2016 00:00:00 +0000</lastBuildDate>
    <atom:link href="/tags/demo/" rel="self" type="application/rss+xml" />
    
    <item>
      <title>External Project</title>
      <link>/project/example-external-project/</link>
      <pubDate>Wed, 27 Apr 2016 00:00:00 +0000</pubDate>
      
      <guid>/project/example-external-project/</guid>
      <description></description>
    </item>
    
  </channel>
</rss>
