<?xml version="1.0" encoding="utf-8" standalone="yes" ?>
<rss version="2.0" xmlns:atom="http://www.w3.org/2005/Atom">
  <channel>
    <title>2 on </title>
    <link>/publication_types/2/</link>
    <description>Recent content in 2 on </description>
    <generator>Hugo -- gohugo.io</generator>
    <language>en-us</language>
    <copyright>&amp;copy; 2017 Darren L Dahly - All rights reserved</copyright>
    <lastBuildDate>Tue, 01 Jan 2013 00:00:00 +0000</lastBuildDate>
    <atom:link href="/publication_types/2/" rel="self" type="application/rss+xml" />
    
    <item>
      <title>Associations of linear growth and relative weight gain during early life with adult health and human capital in countries of low and middle income: findings from five birth cohort studies</title>
      <link>/publication/cohortsgrowth/</link>
      <pubDate>Tue, 01 Jan 2013 00:00:00 +0000</pubDate>
      
      <guid>/publication/cohortsgrowth/</guid>
      <description></description>
    </item>
    
    <item>
      <title>A structural equation model of the developmental origins of blood pressure</title>
      <link>/publication/semsbp/</link>
      <pubDate>Wed, 01 Apr 2009 00:00:00 +0000</pubDate>
      
      <guid>/publication/semsbp/</guid>
      <description></description>
    </item>
    
  </channel>
</rss>
