<?xml version="1.0" encoding="utf-8" standalone="yes" ?>
<rss version="2.0" xmlns:atom="http://www.w3.org/2005/Atom">
  <channel>
    <title>Publication_types on </title>
    <link>/publication_types/</link>
    <description>Recent content in Publication_types on </description>
    <generator>Hugo -- gohugo.io</generator>
    <language>en-us</language>
    <copyright>&amp;copy; 2017 Darren L Dahly - All rights reserved</copyright>
    <lastBuildDate>Tue, 01 Jan 2013 00:00:00 +0000</lastBuildDate>
    <atom:link href="/publication_types/" rel="self" type="application/rss+xml" />
    
    <item>
      <title>2</title>
      <link>/publication_types/2/</link>
      <pubDate>Tue, 01 Jan 2013 00:00:00 +0000</pubDate>
      
      <guid>/publication_types/2/</guid>
      <description></description>
    </item>
    
  </channel>
</rss>
