<?xml version="1.0" encoding="utf-8" standalone="yes" ?>
<rss version="2.0" xmlns:atom="http://www.w3.org/2005/Atom">
  <channel>
    <title>1 on </title>
    <link>/publication_types/1/</link>
    <description>Recent content in 1 on </description>
    <generator>Hugo -- gohugo.io</generator>
    <language>en-us</language>
    <copyright>&amp;copy; 2017 Darren L Dahly - All rights reserved</copyright>
    <lastBuildDate>Mon, 01 Jul 2013 00:00:00 +0000</lastBuildDate>
    <atom:link href="/publication_types/1/" rel="self" type="application/rss+xml" />
    
    <item>
      <title>Mobile visual clothing search</title>
      <link>/publication/clothing-search/</link>
      <pubDate>Mon, 01 Jul 2013 00:00:00 +0000</pubDate>
      
      <guid>/publication/clothing-search/</guid>
      <description>&lt;p&gt;More detail can easily be written here using &lt;em&gt;Markdown&lt;/em&gt; and $\rm \LaTeX$ math code.&lt;/p&gt;
</description>
    </item>
    
  </channel>
</rss>
